id,description,hashtags,music_name,music_author,music_original,video_url,play_count,like_count,share_count,comment_count,duration,created_at,growth_score,scraped_at,region,profile_url,author_id,author_username,follower_count,created_at_local,is_ad
7688137144560438559,"Let me show you how to make your Synth SLAP Click the link in my bio to watch a great video about all the things I wish I knew before I started producing  #synth #production #producer #hack #musicproduction ","[""synth"",""production"",""producer"",""hack"",""musicproduction""]",original sound - thealinasmith,Alina Smith,true,https://www.tiktok.com/@thealinasmith/video/7688137144560438559,31186,2996,54,72,76,2026-09-21 23:38:53,236.68,2026-09-27 04:55:33.074898,US,https://www.tiktok.com/@thealinasmith,6772556016258876421,thealinasmith,187364,2026-09-21 19:38:53,false
7688238529666714902,"Should we make a song?  #musicproducer #music #musicproduction #producer ","[""musicproducer"",""music"",""musicproduction"",""producer""]",original sound - dearyoni,dearyoni,true,https://www.tiktok.com/@dearyoni/video/7688238529666714902,909,62,6,4,15,2026-09-22 06:12:23,7.26,2026-09-27 04:55:33.074898,US,https://www.tiktok.com/@dearyoni,7042416709424710661,dearyoni,1110,2026-09-22 02:12:23,false
7688389874306665750,"Replying to @amelie 🎀🪽 honestly I think so too🤭""Digital Love"" is out everywhere💿💗#femaleproducer #musicproduction #producer #smallartist ","[""femaleproducer"",""musicproduction"",""producer"",""smallartist""]",original sound - moaliumusic,Moa Liu,true,https://www.tiktok.com/@moaliumusic/video/7688389874306665750,12618,2882,95,235,58,2026-09-22 15:59:33,109.32,2026-09-27 04:55:33.074898,SE,https://www.tiktok.com/@moaliumusic,7681060806247121942,moaliumusic,1568,2026-09-22 15:59:33,false
7688770325286309142,"@Beltran makes a beat from scratch 🖥️ In latest episode of our Beat From Scratch series, we join Beltran at @w1curates to learn the secrets behind his productions. Watch the full episode on DJ Mag’s YouTube Channel ⏯️ #beltran #techhouse #electronicmusic #producersoftiktok #housemusic","[""beltran"",""techhouse"",""electronicmusic"",""producersoftiktok"",""housemusic""]",original sound - djmagofficial,DJ Mag,true,https://www.tiktok.com/@djmagofficial/video/7688770325286309142,1342,89,3,0,39,2026-09-23 16:35:50,14.78,2026-09-27 04:55:33.074898,GB,https://www.tiktok.com/@djmagofficial,6719478986894361606,djmagofficial,97763,2026-09-23 17:35:50,false
7688778939682131233,"Comment TRACK to work with me on your next track! How to make TECH HOUSE in the style of @Franky Rizardo 🔥 #producertok #techhouse #musicproduction #ableton ","[""producertok"",""techhouse"",""musicproduction"",""ableton""]",original sound - jacopocatapano,Jacopo Catapano 🎶 Hit Maker,true,https://www.tiktok.com/@jacopocatapano/video/7688778939682131233,13294,1138,35,22,113,2026-09-23 17:09:12,147.29,2026-09-27 04:55:33.074898,SE,https://www.tiktok.com/@jacopocatapano,131270268890714112,jacopocatapano,65027,2026-09-23 17:09:12,false
7688849333025803542,"How to make beats! The full tutorial is on my YT - Lollypopbeatz #producer #producertok #lollypopbeatz ","[""producer"",""producertok"",""lollypopbeatz""]",original sound - lollypopbeatz,Lollypopbeatz,true,https://www.tiktok.com/@lollypopbeatz/video/7688849333025803542,528180,71533,3445,335,151,2026-09-23 21:42:29,6162.97,2026-09-27 04:55:33.074898,GB,https://www.tiktok.com/@lollypopbeatz,7066471513873286149,lollypopbeatz,1018933,2026-09-23 22:42:29,false
7689099057029025046,"Three useful music tools under $300 #musicproduction #musicstudio #musicgear ","[""musicproduction"",""musicstudio"",""musicgear""]",original sound - audiohaze,AudioHaze,true,https://www.tiktok.com/@audiohaze/video/7689099057029025046,16755,1598,27,9,176,2026-09-24 13:51:29,240.9,2026-09-27 04:55:33.074898,US,https://www.tiktok.com/@audiohaze,6929508044394185734,audiohaze,37967,2026-09-24 09:51:29,false
7689102446777486625,"sample this #sample #samplethis #flstudio #musicproducer ","[""sample"",""samplethis"",""flstudio"",""musicproducer""]",original sound - proderaa,proderaa,true,https://www.tiktok.com/@proderaa/video/7689102446777486625,26422,2250,190,63,58,2026-09-24 14:04:36,381.09,2026-09-27 04:55:33.074898,PL,https://www.tiktok.com/@proderaa,6794829201452942341,proderaa,7715,2026-09-24 14:04:36,false
7689132599012232481,"Antwoorden op @jaydenbowmusic this is how you can make synths like Beave in Serum 2! #musicproduction #sounddesign #synth #serum2 #housemusic ","[""musicproduction"",""sounddesign"",""synth"",""serum2"",""housemusic""]",original sound - meauxreese,meauxreese,true,https://www.tiktok.com/@meauxreese/video/7689132599012232481,5161,571,22,16,41,2026-09-24 16:01:35,76.59,2026-09-27 04:55:33.074898,NL,https://www.tiktok.com/@meauxreese,7275271317900428320,meauxreese,8419,2026-09-24 16:01:35,false
7689406091075063072,"🕺🕺 #bouyon #musicproduction #producer #flstudio ","[""bouyon"",""musicproduction"",""producer"",""flstudio""]",original sound - prodby.smoke,prodby.smoke,true,https://www.tiktok.com/@prodby.smoke/video/7689406091075063072,929,41,3,6,30,2026-09-25 09:42:55,18.69,2026-09-27 04:55:33.074898,FR,https://www.tiktok.com/@prodby.smoke,7254610317002327066,prodby.smoke,975,2026-09-25 11:42:55,false
7689406872121625878,"the progress of how I made this song that I call ""Digital Love""!!💗 lmk what u think🌟 #femaleproducer #musicproduction #producer #2010smusic ","[""femaleproducer"",""musicproduction"",""producer"",""2010smusic""]",original sound - moaliumusic,Moa Liu,true,https://www.tiktok.com/@moaliumusic/video/7689406872121625878,5606,992,17,66,88,2026-09-25 09:46:02,112.93,2026-09-27 04:55:33.074898,SE,https://www.tiktok.com/@moaliumusic,7681060806247121942,moaliumusic,1568,2026-09-25 09:46:02,false
7689823628883545365,"Music production #musicproduction #musicproduction #ukdrill #drillmusic ","[""musicproduction"",""ukdrill"",""drillmusic""]",original sound - weavermanfesto1,weaver man festo,true,https://www.tiktok.com/@weavermanfesto1/video/7689823628883545365,892,134,1,4,34,2026-09-26 12:43:12,39.31,2026-09-27 04:55:33.074898,UG,https://www.tiktok.com/@weavermanfesto1,6992704612784440326,weavermanfesto1,239536,2026-09-26 12:43:12,false
7689892976528493854,"Here’s how you make music WITHOUT playing any instruments!  #musicproducer #producer #production #bandlab #musicproduction ","[""musicproducer"",""producer"",""production"",""bandlab"",""musicproduction""]",original sound - thealinasmith,Alina Smith,true,https://www.tiktok.com/@thealinasmith/video/7689892976528493854,2072,130,2,4,55,2026-09-26 17:12:27,113.83,2026-09-27 04:55:33.074898,US,https://www.tiktok.com/@thealinasmith,6772556016258876421,thealinasmith,187364,2026-09-26 13:12:27,false