phone,description,weekly_tips,created_at,updated_at,survey_completed
34634677913,"# Ficha Estratégica: Marttina

- **Nombre:** Marttina Sanjuán
- **Rol:** Productora musical y compositora
- **Redes:** 
  - [Instagram (@marttinasanjuan)](https://www.instagram.com/marttinasanjuan)
  - [TikTok (@marttinasanjuan)](https://www.tiktok.com/@marttinasanjuan)
- **Comunidad actual:** ~1.3K seguidores en IG / ~1.2K en TikTok, con un enfoque muy auténtico de estudio, evolución personal y divulgación técnica aplicada (ej. desglose de capas en sintetizadores: Bass, Pluck, Lead, Arp, Pad).
- **Situación y Objetivo:** Crecer en redes, conseguir viralidad orgánica y construir una comunidad sólida que apoye y disfrute su música.
- **Formato y Referentes:** Hablar a cámara (cercanía y conexión con la audiencia) combinado con micro-tutoriales didácticos de producción.",true,2026-09-27 01:05:17.281664+00,2026-09-27 01:05:17.281664+00,true